Location,URI,Latitude,Longitude,Count of Location
Abainville (France),https://www.geonames.org/3038808/,48.53052,5.49446,1
Aberdeen Proving Ground (Md.),https://www.geonames.org/7267305/,39.39628,-76.19971,1
Aisne (France),https://www.geonames.org/3038375/,49.5,3.5,4
Albert (France),https://www.geonames.org/3038271/,50.00091,2.65096,5
"Algiers (New Orleans, La.)",https://www.geonames.org/4314556,29.91548,-90.0134,1
Allentown (Pa.),https://www.geonames.org/5178127/,40.60843,-75.49018,5
Amanty (France),https://www.geonames.org/3037968/,48.51868,5.61066,1
Angel Island (Calif.),https://www.geonames.org/5323982/,37.86225,-122.43046,1
Angers (France),https://www.geonames.org/3037656/,47.47156,-0.55202,5
Ann Arbor (Mich.),https://www.geonames.org/4984247/,42.27756,-83.74088,1
Annapolis (Md.),https://www.geonames.org/4347242/,38.97859,-76.49184,4
Ansauville (France),https://www.geonames.org/3037491/,48.82159,5.82679,1
Arkhangelʹsk (Russia),https://www.geonames.org/581049/,64.5401,40.5433,1
Ashtabula (Ohio),https://www.geonames.org/5146089/,41.86505,-80.78981,1
Atlanta (Ga.),https://www.geonames.org/4180439/,33.749,-84.38798,2
Augusta (Ga.),https://www.geonames.org/4180531/,33.47097,-81.97484,1
Austin (Tex.),https://www.geonames.org/4671654/,30.26715,-97.74306,4
"Aviation Instruction Center, 2nd (France)",,47.39484,0.70398,1
"Aviation Instruction Center, 3rd (France)",,46.94848,1.99362,1
"Aviation Instruction Center, 7th (France)",,45.77969,3.08682,1
Azerailles,https://www.geonames.org/3035537/,48.48864,6.6948,1
Baltimore (Md.),https://www.geonames.org/4347778/,39.29038,-76.61219,1
Bastendorf (Luxembourg),https://www.geonames.org/2960813/,49.89194,6.16528,1
Bayonne (N.J.),https://www.geonames.org/5095445/,40.66871,-74.11431,1
Bazoilles-sur-Meuse (France),https://www.geonames.org/3034420/,48.30473,5.65823,1
Beaulieu (England),https://www.geonames.org/2656079/,50.82006,-1.44123,1
Beaumont-Hamel (France),https://www.geonames.org/3034157/,50.08429,2.65746,1
Beaune (France),https://www.geonames.org/3034126/,47.02413,4.83887,20
Belfort (France),https://www.geonames.org/3033791/,47.64218,6.85385,1
Belgium,https://www.geonames.org/2802361/,50.75,4.5,2
"Belleau, Bois de (France)",https://www.geonames.org/3033744/,49.07143,3.29417,7
Belleville (Ill.),https://www.geonames.org/4233813/,38.52005,-89.98399,1
Benbrook Field (Tex.),,32.6781,-97.46,2
Bernkastel-Kues (Germany),https://www.geonames.org/2949998/,49.91602,7.07664,1
Bettendorf (Luxembourgh),https://www.geonames.org/2960775/,49.87667,6.21806,1
Blois (France),https://www.geonames.org/3032213/,47.59432,1.32912,1
Bloomington (Ill.),https://www.geonames.org/4885164/,40.4842,-88.99369,1
"Bordeaux (Nouvelle-Aquitaine, France)",https://www.geonames.org/3031582/,44.84044,-0.5805,29
Boston (Mass.),https://www.geonames.org/4930956/,42.35843,-71.05977,4
Bourges (France),https://www.geonames.org/3031005/,47.08333,2.4,1
Brest (France),https://www.geonames.org/3030300/,48.39029,-4.48628,47
"Brooklyn (New York, N.Y.)",https://www.geonames.org/5110302/,40.6501,-73.94958,5
Brooks Field (Texas),https://www.geonames.org/7267662/,29.34344,-98.44026,4
Bulcy (France),https://www.geonames.org/3029583/,47.24229,3.02857,1
Bumkin Island (Mass.),https://www.geonames.org/4931693/,42.28066,-70.89949,2
Burlington (Vt.),https://www.geonames.org/5234372/,44.47588,-73.21207,1
Bussy-le-Grand (France),https://www.geonames.org/3029398/,47.57489,4.51512,1
Calais (France),https://www.geonames.org/3029162/,50.95194,1.85635,1
Cambridge (Mass.),https://www.geonames.org/4931972/,42.3751,-71.10561,11
Camiers (France),https://www.geonames.org/3029012/,50.57153,1.61325,3
Camp A. A. Humphreys (Va.),https://www.geonames.org/4750565/,38.7125,-77.15833,4
Camp Abraham Eustis (Va.),,37.08339,-76.46965,1
Camp Albert L. Mills (N.Y.),https://www.geonames.org/5111182/,40.72816,-73.61096,6
Camp Alfred Vail (N.J.),,40.31186,-74.04508,1
"Camp American University (Washington, D.C.)",,38.939,-77.08637,1
Camp Beauregard (La.),https://www.geonames.org/4318714/,31.37351,-92.39819,3
"Camp Bowie (Fort Worth, Tex.)",,32.72541,-97.32085,2
Camp Cody (N.M.),https://www.geonames.org/5459997/,32.275,-107.80833,4
Camp Colt (Pa.),,39.81535,-77.23248,2
Camp Crane (Pa.),,40.6014,-75.4975,3
Camp de Coëtquidan (France),https://www.geonames.org/3024460/,47.95,-2.13333,1
"Camp de Meucon (Brittany, France)",,47.74128,-2.72038,3
Camp de Souge (France),https://www.geonames.org/12493478/,44.85472,-0.78877,2
Camp Devens (Mass.),https://www.geonames.org/7267466/,42.5073,-71.66669,3
Camp Dix (N.J.),https://www.geonames.org/7267467/,40.01295,-74.53512,13
Camp Dodge (Iowa),https://www.geonames.org/7267333/,41.70298,-93.71847,33
Camp Forrest (Ga.),,34.94896,-85.2569,3
Camp Fremont (Calif.),https://www.geonames.org/7266635/,37.45361,-122.18278,2
Camp Funston (Kan.),https://www.geonames.org/7533622/,39.09694,-96.72889,4
Camp Gaillard (Panama),,9.31035,-79.88425,1
Camp Glenn (N.C.),,34.723595,-76.752353,1
"Camp Gordon (DeKalb County, Ga.)",https://www.geonames.org/4195817/,33.42097,-82.16206,15
Camp Grant (Ill.),https://www.geonames.org/4886432/,42.20836,-89.08233,39
Camp Greene (N.C.),,35.22525,-80.88228,4
Camp Greenleaf (Ga.),,34.91897,-85.25401,3
Camp Hancock (Ga.),https://www.geonames.org/4185972/,33.46986,-82.05262,16
Camp Harry J. Jones (Ariz.),,31.34455,-109.54534,1
Camp Hill (Va.),,37.08339,-76.46965,1
Camp Holabird (Md.),,39.26667,-76.53361,2
Camp Jackson (S.C.),https://www.geonames.org/7267476/,34.04757,-80.83335,5
Camp John Dick Aviation Concentration Camp (Tex.),,32.78306,-96.80667,6
"Camp Johnston (Jacksonville, Fla.)",,30.21788,-81.68405,12
Camp Kearny (Calif.),,32.86602,-117.09298,7
Camp Laurel (Md.),,39.10428,-76.83025,1
Camp Lee (Va.),https://www.geonames.org/4750658/,37.54681,-77.45054,8
Camp Logan (Ill.),https://www.geonames.org/4886451/,42.46419,-87.81702,7
Camp Logan (Tex.),,29.771493,-95.427375,11
Camp MacArthur (Tex.),,31.54933,-97.14667,6
"Camp Meigs (Washington, D.C.)",https://www.geonames.org/4137899/,38.874,-76.93414,3
Camp Merritt (N.J.),https://www.geonames.org/6354462/,40.94139,-73.97667,11
Camp Morrison (Va.),,37.04139,-76.46694,1
Camp Normoyle (Tex.),https://www.geonames.org/7910273,29.38003,-98.58649,1
Camp Parker (Ill.),,39.9356,-91.40987,1
Camp Perry (Ohio),https://www.geonames.org/7267344/,41.54116,-83.02117,6
Camp Pike (Ark.),https://www.geonames.org/4104242/,34.825,-92.2875,22
Camp Plunkett (Mass.),,42.54232,-71.0745,1
Camp Polk (N.C.),,35.7721,-78.63861,2
Camp Raritan (N.J.),,40.51872,-74.4121,3
Camp Sevier (S.C.),,34.89977,-82.33742,5
Camp Shelby (Miss.),https://www.geonames.org/8479963/,31.19834,-89.21106,13
Camp Sheridan (Ala.),,32.36681,-86.29997,7
Camp Sherman (Ohio),https://www.geonames.org/4507837/,39.36806,-83.00083,9
Camp Stanley (Tex.),,29.68125,-98.63057,2
Camp Stuart (Va.),,37.08339,-76.46965,3
Camp Travis (Tex.),https://www.geonames.org/4678574/,29.48079,-98.44835,8
Camp Upton (N.Y.),https://www.geonames.org/6353871/,40.86889,-72.87917,4
"Camp Wadsworth (Spartanburg, S.C.)",https://www.geonames.org/7266467/,34.94111,-81.97778,3
Camp Wheeler (Ga.),,32.812,-83.542,13
Camp Zachary Taylor (Ky.),https://www.geonames.org/8504327/,38.20082,-85.70936,47
Cantigny (France),https://www.geonames.org/3028769/,49.66367,2.49149,1
Cardiff (Wales),https://www.geonames.org/2653822/,51.48,-3.18,1
Carrollton (Ill.),https://www.geonames.org/4235288/,39.30227,-90.40706,1
Caumont (France),https://www.geonames.org/3028190/,49.36642,0.89591,1
Cedar Falls (Iowa),https://www.geonames.org/4850699/,42.52776,-92.44547,1
Champagne-Ardenne (France),https://www.geonames.org/3027258/,49,4.5,5
Chanute Field (Ill.),https://www.geonames.org/4887210/,40.29444,-88.14306,9
Charleston (S.C.),https://www.geonames.org/4574324/,32.77657,-79.93092,2
Charleston Naval Base (S.C.),,32.86396,-79.96656,1
Châteauroux (France),https://www.geonames.org/3026204/,46.81248,1.69362,2
Château-Thierry (France),https://www.geonames.org/3026194/,49.04636,3.40304,17
"Chaumont (Haute-Marne, France)",https://www.geonames.org/3025892/,48.11121,5.14134,1
Cherbourg (France),,49.63984,-1.61636,2
Chicago (Ill.),https://www.geonames.org/4887398/,41.85003,-87.65005,21
Cincinnati (Ohio),https://www.geonames.org/4508722/,39.12711,-84.51439,1
Cleveland (Ohio),https://www.geonames.org/5150529/,41.4995,-81.69541,8
Cobh (Ireland),https://www.geonames.org/2965260/,51.85046,-8.2948,1
Coco Solo (Panama),https://www.geonames.org/3712067/,9.3,-79.9,1
College Station (Tex.),https://www.geonames.org/4682464/,30.62798,-96.33441,1
Colombey-les-Belles (France : Canton),https://www.geonames.org/3024264/,48.5292,5.89451,2
Columbus (N.M.),https://www.geonames.org/5462683/,31.8276,-107.64002,1
Columbus Barracks (Ohio),,38.8616784,-99.3423263,2
Commercy (France),https://www.geonames.org/3024086/,48.76128,5.59067,1
Contres (France),https://www.geonames.org/3023812/,47.41754,1.42849,1
Contrexéville (France),https://www.geonames.org/3023808/,48.18424,5.89572,1
Corpus Christi (Tex.),https://www.geonames.org/4683416/,27.80058,-97.39638,2
Cosne-sur-Loire (France),,47.41101,2.92528,1
Côte-d'Or (France),https://www.geonames.org/3023424/,47.16667,4.83333,1
Coulon (France),https://www.geonames.org/3023238/,46.32401,-0.58489,1
Cour-Cheverny (France),https://www.geonames.org/3023063/,47.51033,1.45583,1
Cuba,https://www.geonames.org/3562981/,22,-79.5,1
Cubzac-les-Ponts (France),https://www.geonames.org/3022177/,44.97117,-0.45364,1
Dallas (Tex.),https://www.geonames.org/4684888/,32.78306,-96.80667,4
Decatur (Ill.),https://www.geonames.org/4236895/,39.84031,-88.9548,2
Del Rio (Tex.),https://www.geonames.org/5520076/,29.36273,-100.89676,2
Denver (Colo.),https://www.geonames.org/5419384/,39.73915,-104.9847,1
Des Moines (Iowa),https://www.geonames.org/4853828/,41.60054,-93.60911,3
Detroit (Mich.),https://www.geonames.org/4990729/,42.33143,-83.04575,1
Dieulouard (France),https://www.geonames.org/3021394/,48.84137,6.06782,1
Dijon (France),https://www.geonames.org/3021372/,47.31667,5.01667,4
Doncaster (England),https://www.geonames.org/2651123/,53.52285,-1.13116,3
Donjeux (France),https://www.geonames.org/3021090/,48.87812,6.4017,1
Douglas (Ariz.),https://www.geonames.org/5293083/,31.34455,-109.54534,3
Eagle Pass (Tex.),https://www.geonames.org/5520677/,28.70914,-100.49952,1
East Hannibal (Ill.),https://www.geonames.org/4237537/,39.72977,-91.35098,1
Eberts Field (Ark.),https://www.geonames.org/7266525/,34.79528,-91.91639,1
Eifel (Germany),https://www.geonames.org/2931919/,50.25,6.66667,1
El Paso (Tex.),https://www.geonames.org/5520993/,31.75872,-106.48693,1
Elgin (Ill.),https://www.geonames.org/4890864/,42.03725,-88.28119,1
Ellington Field (Tex.),https://www.geonames.org/7267448/,29.60618,-95.16113,3
England,https://www.geonames.org/6269131/,52.16045,-0.70312,2
Erie County (Pa.),https://www.geonames.org/5188843/,42.12922,-80.08506,1
Esch-sur-Alzette (Luxembourg),https://www.geonames.org/2960596/,49.49583,5.98056,1
Estonia,https://www.geonames.org/453733/,59,26,1
Etaples (France),https://www.geonames.org/3019441/,50.52194,1.63319,1
Étretat (France),https://www.geonames.org/3019355/,49.70669,0.20523,1
Evanston (Ill.),https://www.geonames.org/4891382/,42.04114,-87.69006,3
Fairfield County (Ohio),https://www.geonames.org/4511295/,39.7516,-82.63059,1
Falmouth (England),https://www.geonames.org/2649715/,50.15441,-5.07113,1
Flangebouche (France),https://www.geonames.org/3018392/,47.13958,6.4706,1
Fleury-sur-Aire (France),https://www.geonames.org/3018278/,49.01892,5.15974,1
Foecy (France),https://www.geonames.org/3018189/,47.17618,2.16257,1
Folkestone (England),https://www.geonames.org/2649258/,51.08169,1.16734,1
"Fort Adams (Newport, R.I.)",https://www.geonames.org/5222148/,41.47872,-71.33783,1
Fort Benjamin Harrison (Ind.),https://www.geonames.org/4257616,39.86254,-86.01248,10
Fort Bliss (Tex.),https://www.geonames.org/7261282/,31.81357,-106.41224,2
"Fort Brown (Brownsville, Tex.)",https://www.geonames.org/4691862/,31.5025,-95.40167,1
Fort Caswell (N.C.),https://www.geonames.org/12640688/,33.89287,-78.01706,2
Fort Crook (Neb.),https://www.geonames.org/5068580/,41.12555,-95.92779,1
Fort Custer (Mich.),https://www.geonames.org/7267464/,42.2926,-85.32586,13
Fort de Troyon (France),,48.98898,5.48851,1
Fort Dix (N.J.),https://www.geonames.org/5098132/,40.02984,-74.61849,2
Fort DuPont (Del.),https://www.geonames.org/7266677/,39.57139,-75.58361,1
Fort Ethan Allen (Vt.),https://www.geonames.org/5236248/,44.50556,-73.15028,1
Fort Foote (Md.),https://www.geonames.org/4355313/,38.76667,-77.02778,1
Fort George G. Meade (Md.),https://www.geonames.org/7267469/,39.10698,-76.74303,8
Fort George Wright (Wash.),https://www.geonames.org/5794786/,47.67556,-117.47056,1
Fort H.G. Wright (N.Y.),https://www.geonames.org/6353698/,41.25361,-72.03028,8
Fort Howard (Md.),https://www.geonames.org/4355329/,39.20733,-76.44496,3
Fort Hunt (Va.),https://www.geonames.org/4046704/,38.73289,-77.05803,1
Fort Leavenworth (Kan.),https://www.geonames.org/7267478/,39.35684,-94.91529,2
Fort Lewis (Wash.),https://www.geonames.org/7267481/,47.06171,-122.58344,4
Fort Logan (Colo.),https://www.geonames.org/6353532/,39.64278,-105.03778,3
Fort Logan H. Roots (Ark.),https://www.geonames.org/4111404,34.775,-92.29583,2
Fort McClellan (Ala.),https://www.geonames.org/7267482/,33.71076,-85.73733,3
Fort McIntosh (Tex.),https://www.geonames.org/4691894/,27.50774,-99.52176,1
Fort McPherson (Ga.).,https://www.geonames.org/7267734/,33.70712,-84.43455,1
Fort Monroe (Va.),https://www.geonames.org/7267486/,37.00561,-76.30486,11
Fort Myer (Va.),https://www.geonames.org/7267487/,38.87186,-77.07754,1
Fort Oglethorpe (Ga.),https://www.geonames.org/7305908/,32.08206,-81.03604,3
Fort Omaha (Neb.),https://www.geonames.org/5068596/,41.30694,-95.95724,1
Fort Preble (Me.),https://www.geonames.org/12514284/,43.64916,-70.22592,1
Fort Riley (Kan.),https://www.geonames.org/7267489/,39.05833,-96.82155,15
"Fort Rodman (New Bedford, Mass.).",,41.63526,-70.92701,1
Fort Sam Houston (Tex.),https://www.geonames.org/11055091/,29.48313,-98.42531,3
Fort Screven (Ga.),https://www.geonames.org/4195864/,32.02105,-80.84428,1
Fort Sheridan (Ill.),https://www.geonames.org/4892845/,42.2125,-87.81056,30
Fort Sherman (Panama),https://www.geonames.org/3709442/,9.36468,-79.95983,1
Fort Sill (Okla.),https://www.geonames.org/7267494/,34.67072,-98.38662,6
Fort Snelling (Minn.),,44.8858,-93.178,4
Fort Terry (N.Y.),https://www.geonames.org/6353700/,41.18,-72.195,9
Fort Thomas (Ky.),https://www.geonames.org/4292071/,39.07506,-84.44716,1
Fort Totten (N.Y.),https://www.geonames.org/7266720/,40.79278,-73.77611,3
Fort Washington (Md.),https://www.geonames.org/4355355/,38.70734,-77.02303,4
Fort Wayne (Mich.),https://www.geonames.org/4993183/,42.29948,-83.09603,1
Fort Wood (N.Y.),,40.68928,-74.04455,1
Fort Worden (Wash.),https://www.geonames.org/12573830/,48.1397,-122.76874,1
Fort Worth (Tex.),https://www.geonames.org/4691930/,32.72541,-97.32085,3
France,https://www.geonames.org/3017382/,46,2,17
"Fresnes (Val-de-Marne, France)",https://www.geonames.org/3017178/,48.75568,2.32241,1
Gdańsk (Poland),https://www.geonames.org/3099434/,54.35227,18.64912,1
Genicourt (France),https://www.geonames.org/3016347/,49.08884,2.06799,2
Genoa (Italy),https://www.geonames.org/3176219,44.40478,8.94439,3
Germany,https://www.geonames.org/2921044/,51.5,10.5,4
Gerolstein (Germany),https://www.geonames.org/2920963/,50.22224,6.65984,1
Gerstner Field (La.),,30.119098,-93.080343,1
Gesvres (France),https://www.geonames.org/3016164/,48.36928,-0.14624,1
Gibraltar,https://www.geonames.org/2411585/,36.14474,-5.35257,1
Gièvres (France),https://www.geonames.org/3016085/,47.27847,1.66943,4
Glasgow (Scotland),https://www.geonames.org/2648579/,55.86515,-4.25763,1
Glen Burnie (Md.),https://www.geonames.org/4356188/,39.16261,-76.62469,1
Godman Field (Ky.),https://www.geonames.org/4292901/,37.90757,-85.96978,1
Gormanston (Ireland),https://www.geonames.org/11711144/,53.64535,-6.22991,1
Grand Est (France),https://www.geonames.org/11071622/,48.69821,5.8667,1
Grandpre (France),https://www.geonames.org/3015023/,49.34065,4.87067,1
Grantham (England),https://www.geonames.org/2648208/,52.91149,-0.64184,1
"Great Lakes Naval Training Center (Great Lakes, Ill.)",https://www.geonames.org/7267216/,42.30468,-87.84853,60
Grenoble (France),https://www.geonames.org/3014728/,45.17869,5.71479,1
Hague (Netherlands),https://www.geonames.org/2747373/,52.07667,4.29861,1
Hamel (France),https://www.geonames.org/3014019/,50.27945,3.07423,1
Hammerstein (Germany),https://www.geonames.org/2911073/,50.48333,7.35,1
Hampshire (England),https://www.geonames.org/11609036/,51.05819,-1.2854,1
Hampton (Va.),https://www.geonames.org/4762894/,37.02987,-76.34522,1
Hampton Roads Naval Base (Va.),https://www.geonames.org/4762934/,36.97515,-76.34967,10
Hangard (France),https://www.geonames.org/3013995/,49.82415,2.51517,1
Haudiomont (France),https://www.geonames.org/3013852/,49.11602,5.55966,1
Haukipudas (Finland),https://www.geonames.org/658629/,65.17654,25.35233,1
Hautecloque (France),https://www.geonames.org/3013795/,50.33517,2.30452,1
Hempstead (N.Y.),https://www.geonames.org/5120478/,40.70621,-73.61874,1
Henry Post Army Airfield (Okla.),https://www.geonames.org/7910319/,34.64908,-98.39642,1
Hérault (France),https://www.geonames.org/3013500/,43.66667,3.5,1
Herlincourt (France),https://www.geonames.org/3013441/,50.3456,2.30061,1
Highlands (N.J.),https://www.geonames.org/5099060/,40.40372,-73.99153,1
Hoboken (N.J.),https://www.geonames.org/5099133/,40.74399,-74.03236,10
Hönningen (Germany),https://www.geonames.org/2899325/,50.9,6.93333,1
Honolulu (Hawaii),https://www.geonames.org/5856195/,21.30694,-157.85833,2
Houston (Tex.),https://www.geonames.org/4699066/,29.76328,-95.36327,3
Hyeres (France),https://www.geonames.org/3012937/,43.12038,6.12857,1
Indianapolis (Ind.),https://www.geonames.org/4259418/,39.76838,-86.15804,1
Inverness (Scotland),https://www.geonames.org/2646088/,57.47908,-4.22398,1
Ireland,https://www.geonames.org/2963597/,53,-8,1
Irkutsk (Russia),https://www.geonames.org/2023469/,52.29778,104.29639,1
Issoudun (France),https://www.geonames.org/3012655/,46.94848,1.99362,7
Is-sur-Tille (France),https://www.geonames.org/3012652/,47.5267,5.10649,2
Jacksonville (Fla.),https://www.geonames.org/4116315/,34.8662,-92.11015,1
"Jefferson Barracks (Saint Louis, Mo.)",https://www.geonames.org/4392382/,38.50283,-90.28039,18
Kansas City (Mo.),https://www.geonames.org/4393217/,39.09973,-94.57857,3
Kelly Field (Tex.),https://www.geonames.org/7910273,29.38003,-98.58649,18
Kiel (Germany),https://www.geonames.org/2891122/,54.32133,10.13489,1
Kiptopeke (Va.),https://www.geonames.org/4767930/,37.13792,-75.9666,1
Koblenz (Germany),https://www.geonames.org/2886946/,50.35357,7.57883,4
La Chapelle-sur-Oudon (France),https://www.geonames.org/3010233/,47.67709,-0.82693,1
"La Cluse (Ain, France)",https://www.geonames.org/2992116/,46.18333,5.58333,1
La Houssoye (France),https://www.geonames.org/3008701/,49.35493,1.94256,1
Lake Geneva (Wis.),https://www.geonames.org/5259169/,42.59168,-88.43343,1
Lakewood (N.J.),https://www.geonames.org/5100280/,40.09789,-74.21764,1
Landres-et-Saint-Georges (France),https://www.geonames.org/3007822/,49.35309,5.01065,1
Langley Air Force Base (Va.),https://www.geonames.org/7267528/,37.08277,-76.362,4
Langres (France),https://www.geonames.org/3007680/,47.86263,5.33308,3
Latvia,https://www.geonames.org/458258/,57,25,1
Lay-Saint-Remy (France),https://www.geonames.org/3005396/,48.68057,5.76242,1
Le Havre (France),https://www.geonames.org/3003796/,49.49346,0.10785,6
Le Mans (France),https://www.geonames.org/3003603/,48.0021,0.20251,7
Le Valdahon (France),https://www.geonames.org/2998996/,47.15,6.35,2
Le Wast (France),https://www.geonames.org/2998713/,50.74907,1.80134,2
Les Mars (France),https://www.geonames.org/3000377/,45.98135,2.47818,1
Leutesdorf (Germany),https://www.geonames.org/2878284/,50.45,7.38333,1
Liepaja (Latvia),https://www.geonames.org/457954/,56.50474,21.01085,1
Lierville (France),https://www.geonames.org/2998463/,49.19064,1.88082,1
Limoges (France),https://www.geonames.org/2998286/,45.83362,1.24759,2
Lincoln (England),https://www.geonames.org/2644487/,53.22683,-0.53792,2
Lingfield (England),https://www.geonames.org/2644455/,51.17719,-0.01558,1
Lisle-en-Barrois (France),https://www.geonames.org/2998133/,48.89645,5.1256,1
Lithuania,https://www.geonames.org/597427/,55.41667,24,1
Liverpool (England),https://www.geonames.org/2644210/,53.41058,-2.97794,10
Loir-et-Cher (France),https://www.geonames.org/2997856/,47.5,1.5,1
London (England),https://www.geonames.org/2643743/,51.50853,-0.12574,3
"Long Island City (New York, N.Y.)",https://www.geonames.org/5125125/,40.74482,-73.94875,1
"Loos (Nord, France)",https://www.geonames.org/2997620/,50.60982,3.01874,1
Lorraine (France),https://www.geonames.org/2997551/,48.76667,6.13333,4
Louisville (Ky.),https://www.geonames.org/4299276/,38.25424,-85.75941,3
Love Field (Tex.),https://www.geonames.org/4684922/,32.84707,-96.85195,2
Luxembourg,https://www.geonames.org/2960313/,49.75,6.16667,2
Lyon (France),https://www.geonames.org/2996944/,45.74846,4.84671,1
Madison (Wis.),https://www.geonames.org/5261457/,43.07305,-89.40123,1
Magny-la-Ville (France),https://www.geonames.org/2996758/,47.48155,4.43,1
Mailly-le-Camp (France),https://www.geonames.org/2996687/,48.66526,4.21303,1
Manchester (England),https://www.geonames.org/2643123/,53.48095,-2.23743,2
Manila (Philippines),https://www.geonames.org/1701668/,14.6042,120.9822,1
Marbache (France),https://www.geonames.org/2996081/,48.79867,6.106,4
Marchéville (France),https://www.geonames.org/2995997/,48.36738,1.25236,2
Marne (France),https://www.geonames.org/2995603/,48.99116,4.25966,9
Marseille (France),https://www.geonames.org/2995469/,43.29695,5.38107,3
Mars-sur-Allier (France),https://www.geonames.org/2995436/,46.85919,3.07849,3
Mayen (Germany),https://www.geonames.org/2872649/,50.32797,7.22277,2
Mays Landing (N.J.),https://www.geonames.org/4502962/,39.45234,-74.72766,1
McHenry (Md.),https://www.geonames.org/4362059/,39.55842,-79.35282,1
"Mérignac (Gironde, France)",https://www.geonames.org/2994393/,44.84247,-0.64512,1
Mersch (Luxembourg),https://www.geonames.org/2960276/,49.74889,6.10611,1
Mesves-sur-Loire (France),https://www.geonames.org/2994173/,47.24267,2.99191,3
Metz (France),https://www.geonames.org/2994160/,49.11911,6.17269,1
Meuse (France),https://www.geonames.org/2994106/,48.97176,5.36371,66
Miami (Fla.),https://www.geonames.org/4164138/,25.77427,-80.19366,2
Milwaukee (Wis.),https://www.geonames.org/5263045/,43.0389,-87.90647,1
Mineola (N.Y.),https://www.geonames.org/5127134/,40.74927,-73.64068,1
Minneapolis (Minn.),https://www.geonames.org/5037649/,44.97997,-93.26384,2
Mogliano (Italy),https://www.geonames.org/3173315/,43.1875,13.49123,1
Molosmes (France),https://www.geonames.org/2993481/,47.88624,4.0443,1
Montoir-de-Bretagne (France),https://www.geonames.org/2992206/,47.32824,-2.14877,1
Montours (France),https://www.geonames.org/2992176/,48.44234,-1.30903,1
Montpellier (France),https://www.geonames.org/2992166/,43.61093,3.87635,2
Montréal (Québec),https://www.geonames.org/6077243/,45.50884,-73.58781,1
Montrichard (France),https://www.geonames.org/2992047/,47.3431,1.18653,2
Moutchic (France),https://www.geonames.org/3003171/,45.00406,-1.12642,1
Mouzon (France),https://www.geonames.org/2991283/,49.60706,5.07569,1
Muden (Germany),https://www.geonames.org/2868861/,52.52771,10.36011,1
Mussidan (France),https://www.geonames.org/2991102/,45.03505,0.36495,1
Nancy (France),https://www.geonames.org/2990999/,48.68439,6.18496,1
Nantes (France),https://www.geonames.org/2990969/,47.21725,-1.55336,3
Nanteuil-sur-Marne (France),https://www.geonames.org/2990954/,48.97826,3.22022,1
"Napoleon Barracks (Brest, France)",,48.39029,-4.48628,1
Naval Station Newport (R.I.),https://www.geonames.org/7267219/,41.52856,-71.30768,3
Naval Station Norfolk (Va.),,36.945,-76.31306,3
"Naval Submarine Base New London (Groton, Conn.)",https://www.geonames.org/7267767/,41.39844,-72.08615,1
"Navy Pier (Chicago, Ill.)",https://www.geonames.org/4903344/,41.8917,-87.6045,12
Neodesha (Kan.),https://www.geonames.org/4276128/,37.41839,-95.68026,1
Neuenahr (Germany),https://www.geonames.org/2953392/,50.54484,7.13386,4
Neufchateau (France),https://www.geonames.org/2990682/,48.35557,5.69602,3
Neuwied (Germany),https://www.geonames.org/2863840/,50.4336,7.47057,1
New Haven (Conn.),https://www.geonames.org/4839366/,41.30815,-72.92816,2
New London (Conn.),https://www.geonames.org/4839416/,41.35565,-72.09952,2
New York (N.Y.),https://www.geonames.org/5128581/,40.71427,-74.00597,21
Newport (R.I.),https://www.geonames.org/5223593/,41.4901,-71.31283,2
Newport News (Va.),https://www.geonames.org/4776024/,37.08339,-76.46965,13
Newton (Ill.),,38.9905,-88.1624,1
Nice (France),https://www.geonames.org/2990440/,43.70313,7.26608,1
Normal (Ill.),https://www.geonames.org/4903780/,40.5142,-88.99063,1
Oberbillig (Germany),https://www.geonames.org/6554774/,49.69925,6.50049,1
Omaha (Neb.),https://www.geonames.org/5074472/,41.25626,-95.94043,1
Orléans (France),https://www.geonames.org/2989317/,47.90289,1.90389,1
Pannes (France),https://www.geonames.org/2988632/,48.01937,2.66755,1
Paris (France),https://www.geonames.org/2988507/,48.85341,2.3488,15
Parris Island (S.C.),https://www.geonames.org/4590550/,32.3352,-80.69233,16
"Pauillac (Gironde, France)",https://www.geonames.org/2988349/,45.21667,-0.75,3
Payne Field (Miss.),,33.66556,-88.64917,1
"Pelham Bay Naval Training Station (Pelham Bay, N.Y.)",,40.866111,-73.810278,11
Pembroke (Wales),https://www.geonames.org/2640503/,51.67464,-4.91286,1
Penniman (Va.),,37.29,-76.621389,1
Pensacola (Fla.),https://www.geonames.org/4168228/,30.42131,-87.21691,3
Peoria (Ill.),https://www.geonames.org/4905687/,40.69365,-89.58899,5
Philadelphia (Pa.),https://www.geonames.org/4560349/,39.95238,-75.16362,3
Piave River (Italy),https://www.geonames.org/3170911/,45.830556,12.209444,1
Pittsburgh (Pa.),https://www.geonames.org/5206379/,40.44062,-79.99589,3
Plaidt (Germany),https://www.geonames.org/6553777/,50.38565,7.38365,1
"Plaine (Bas-Rhin, France)",https://www.geonames.org/2986960/,48.41767,7.14579,1
Plattsburgh Barracks (N.Y.),https://www.geonames.org/7266831/,44.68111,-73.445,2
Plymouth (England),https://www.geonames.org/2640194/,50.37153,-4.14305,3
Poitiers (France),https://www.geonames.org/2986495/,46.58261,0.34348,1
Pont-à-Mousson (France),https://www.geonames.org/2986306/,48.90702,6.05635,3
Pontiac (Ill.),https://www.geonames.org/4906438/,40.88087,-88.62978,1
Portland (Me.),https://www.geonames.org/4975802/,43.65737,-70.2589,1
Portsmouth (England),https://www.geonames.org/2639996/,50.79899,-1.09125,2
Portsmouth (Va.),https://www.geonames.org/4779999/,36.83543,-76.29827,2
Presidio of San Francisco (Calif.),https://www.geonames.org/5384870/,37.79778,-122.465,1
Princeton (N.J.),https://www.geonames.org/5102922/,40.34872,-74.65905,2
Puget Sound Naval Shipyard,https://www.geonames.org/7267213/,47.56154,-122.63516,1
Quantico (Va.),https://www.geonames.org/4780703/,38.52234,-77.29359,12
Quincy (Ill.),https://www.geonames.org/4247703/,39.9356,-91.40987,2
RAF Ford Junction (England),,50.82242,-0.58125,1
RAF Waddington (England),https://www.geonames.org/6296675/,53.16617,-0.52381,1
Rambervillers (France),https://www.geonames.org/2984516/,48.3424,6.6358,1
Rantoul (Ill.),https://www.geonames.org/4907131/,40.30837,-88.15588,3
Recloses (France),https://www.geonames.org/2984235/,48.3466,2.64301,1
Recy (France),https://www.geonames.org/2984201/,48.98871,4.31385,1
Reisdorf (Luxembourg),https://www.geonames.org/2960156/,49.86861,6.26778,1
Rheinbrohl (Germany),https://www.geonames.org/2847654/,50.5,7.33333,1
Rheine (Germany),https://www.geonames.org/2847645/,52.28509,7.44055,1
Riga (Latvia),https://www.geonames.org/456172/,56.946,24.10589,1
Rijeka (Croatia),https://www.geonames.org/3191648/,45.32673,14.44241,1
Rimaucourt (France),https://www.geonames.org/2983526/,48.25291,5.33308,1
Rochester (N.Y.),https://www.geonames.org/5134086/,43.15478,-77.61556,1
Rock Island (Ill.),https://www.geonames.org/4907907/,41.50948,-90.57875,1
Rockwell Field (Calif.),,32.69727,-117.1992,1
Romsey (England),https://www.geonames.org/2639189/,50.98906,-1.49989,1
Rotterdam (Netherlands),https://www.geonames.org/2747891/,51.9225,4.47917,2
Russia,https://www.geonames.org/2017370/,60,100,1
Saint Louis (Mo.),https://www.geonames.org/4407066/,38.62727,-90.19789,2
Saint Paul (Minn.),https://www.geonames.org/5045360/,44.94441,-93.09327,2
"Saint-Aignan (Loir-et-Cher, France)",https://www.geonames.org/2981898/,47.26892,1.37614,7
"Saint-Astier (Dordogne, France)",https://www.geonames.org/2981623/,45.14526,0.52745,1
"Saint-Dizier (Haute-Marne, France)",https://www.geonames.org/2980816/,48.63773,4.94892,1
Saint-Etienne-a-Arnes (France),https://www.geonames.org/2980284/,49.30947,4.49355,1
Saint-Jean-de-Monts (France),https://www.geonames.org/2979299/,46.79313,-2.06076,1
"Saint-Loubes (Nouvelle-Aquitaine, France)",https://www.geonames.org/2978749/,44.91716,-0.42859,1
Saint-Maixent-l'Ecole (France),https://www.geonames.org/2978643,46.4131,-0.20839,1
Saint-Mihiel (France),https://www.geonames.org/2977948/,48.88746,5.55099,44
Saint-Nazaire (France),https://www.geonames.org/2977921/,47.27506,-2.2179,23
Saint-Pardon-de-Conques (France),https://www.geonames.org/2977744/,44.55274,-0.1803,4
Saint-Vincent (France),https://www.geonames.org/2976635/,43.16183,-0.14891,1
San Antonio (Tex.),https://www.geonames.org/4726206/,29.42412,-98.49363,3
San Diego (Calif.),https://www.geonames.org/5391811/,32.71571,-117.16472,2
San Francisco (Calif.),https://www.geonames.org/5391959/,37.77493,-122.41942,3
San Leon (Tex.),,29.4833° N,94.9221,1
Saunders Range (Md.),,39.16261,-76.62469,1
Savenay (France),https://www.geonames.org/2975597/,47.36106,-1.94206,3
Savoie (France),https://www.geonames.org/2975518/,45.4,6.5,1
Schweich (Germany),https://www.geonames.org/2834594/,49.82215,6.75256,1
Scotland,https://www.geonames.org/2638360/,56,-4,2
Scott Field (Ill.),https://www.geonames.org/7267285,38.54464,-89.85245,4
Seattle (Wash.),https://www.geonames.org/5809844/,47.60621,-122.33207,1
Sedan (France),https://www.geonames.org/2975349/,49.70187,4.94028,2
Selfridge Field (Mich.),https://www.geonames.org/8094469/,42.62788,-82.82989,1
Selles-sur-Cher (France),https://www.geonames.org/2975215/,47.27904,1.55387,2
Semur-en-Auxois (France),https://www.geonames.org/2975143/,47.48333,4.33333,1
Sheffield (England),https://www.geonames.org/2638077/,53.38297,-1.4659,1
Shrewsbury (England),https://www.geonames.org/2637891/,52.71009,-2.75208,1
Soissons (France),https://www.geonames.org/2974389/,49.38167,3.32361,5
Somme River (France),https://www.geonames.org/2974308/,50.18333,1.65,4
Sommedien (France),,48.97176,5.36371,1
Sommedieue (France),https://www.geonames.org/2974299/,49.0838,5.46356,2
Sommerviller (France),https://www.geonames.org/2974287/,48.63194,6.37632,1
Southampton (England),https://www.geonames.org/2637487/,50.90395,-1.40428,1
Souther Field (Ga.),,32.11501,-84.18594,2
Spartanburg (S.C.),https://www.geonames.org/4597200/,34.94957,-81.93205,1
Speedway (Ind.),https://www.geonames.org/4265146/,39.80227,-86.26721,1
Springfield (Ill.),https://www.geonames.org/4250542/,39.80172,-89.64371,1
Stamford (England),https://www.geonames.org/2637104,52.65,-0.48333,2
"Staten Island (New York, N.Y.)",https://www.geonames.org/5139568/,40.56233,-74.13986,1
Stockbridge (England),https://www.geonames.org/2636895/,51.11398,-1.48839,1
Stockholm (Sweden),https://www.geonames.org/2673730/,59.32938,18.06871,1
Sultan (Wash.),https://www.geonames.org/5812483/,47.8626,-121.81651,1
Syracuse (N.Y.),https://www.geonames.org/5140405/,43.04812,-76.14742,2
Teloche (France),https://www.geonames.org/2973192/,47.888,0.27112,1
Tergnier (France),https://www.geonames.org/2973146/,49.65607,3.30107,1
Thür (Germany),https://www.geonames.org/2822556/,50.35692,7.27689,1
Toul (France),https://www.geonames.org/2972350/,48.68075,5.89115,10
Toulon (France),https://www.geonames.org/2972328/,43.12442,5.92836,3
Toulouse (France),https://www.geonames.org/2972315/,43.60426,1.44367,1
Tours (France),https://www.geonames.org/2972191/,47.39484,0.70398,2
Trier (Germany),https://www.geonames.org/2821164/,49.75565,6.63935,2
Trieste (Italy),https://www.geonames.org/3165185/,45.64953,13.77678,1
Troyon-sur-Meuse (France),https://www.geonames.org/2971546/,49,5.46667,1
Ulan-Ude (Russia),https://www.geonames.org/2014407/,51.82721,107.60627,1
Urbana (Ill.),https://www.geonames.org/4914570/,40.11059,-88.20727,11
Utica (N.Y.),https://www.geonames.org/5142056/,43.1009,-75.23266,1
Valparaiso (Ind.),https://www.geonames.org/4927537/,41.47309,-87.06114,3
Vancouver Barracks (Wash.),https://www.geonames.org/7267640/,45.62558,-122.66543,2
Vannes (France),https://www.geonames.org/2970777/,47.65688,-2.76205,1
Vaucouleurs (France),https://www.geonames.org/2970546/,48.60313,5.66659,1
Vavincourt (France),https://www.geonames.org/2970301/,48.82357,5.20769,1
Vayres (France),https://www.geonames.org/2970287/,44.89693,-0.31867,1
Verdun (France),https://www.geonames.org/2969958/,49.15964,5.3829,17
Versailles (France),https://www.geonames.org/2969679/,48.80359,2.13424,1
Vichy (France),https://www.geonames.org/2969392/,46.12709,3.42577,2
Villers-Bretonneux (France),https://www.geonames.org/2968415/,49.86844,2.51688,2
Vittorio Veneto (Italy),https://www.geonames.org/3164028/,45.98026,12.30065,1
Vladivostok (Russia),https://www.geonames.org/2013348/,43.10562,131.87353,1
Vosges (France),https://www.geonames.org/2967681/,48.19161,6.40533,2
Waco (Tex.),https://www.geonames.org/4739526/,31.54933,-97.14667,4
Waldbillig (Luxembourg),https://www.geonames.org/2960014/,49.79636,6.28431,1
Warloy-Baillon (France),https://www.geonames.org/2967454/,50.0101,2.52184,1
Washington (D.C.),https://www.geonames.org/4140963/,38.89511,-77.03637,15
Webster City (Iowa),https://www.geonames.org/4881096/,42.46942,-93.81605,1
West Lafayette (Ind.),https://www.geonames.org/4928096,40.42587,-86.90807,1
West Point (Ky.),https://www.geonames.org/4313047/,37.99952,-85.94357,3
Wilbur Wright Field (Ohio),,39.7794,-84.1044,3
Winchester (England),https://www.geonames.org/2633858/,51.06513,-1.3187,3
Yerba Buena Island (Calif.),https://www.geonames.org/5410862/,37.81054,-122.36664,1
Ypers (Belgium),,50.85023,2.8817,1